Workbook
Name Slicer_Department: #N/A
Name Slicer_Department1: #N/A

Sheet HR Data
A1: Employee ID | B1: Department | C1: Age | D1: Monthly Salary | E1: Years at Company | F1: Performance Score | G1: Training Hours | H1: Overtime Hours | I1: Absence Days | J1: Job Satisfaction | K1: Left Company | L1: Turnover Risk
A2: EMP0001 | B2: IT | C2: 31 | D2: 38817 | E2: 9 | F2: 3.5 | G2: 26 | H2: 15 | I2: 9 | J2: 2.1 | K2: No | L2: =IF(K2="Yes","High",IF(OR(J2<3,H2>20,E2<2),"Medium","Low")) -> Medium
A3: EMP0002 | B3: Finance | C3: 39 | D3: 21019 | E3: 1 | F3: 3.2 | G3: 43 | H3: 27 | I3: 12 | J3: 4.1 | K3: No | L3: =IF(K3="Yes","High",IF(OR(J3<3,H3>20,E3<2),"Medium","Low")) -> Medium
A4: EMP0003 | B4: Sales | C4: 26 | D4: 24433 | E4: 2 | F4: 2.2 | G4: 24 | H4: 28 | I4: 3 | J4: 2.4 | K4: No | L4: =IF(K4="Yes","High",IF(OR(J4<3,H4>20,E4<2),"Medium","Low")) -> Medium
A5: EMP0004 | B5: Finance | C5: 52 | D5: 25235 | E5: 1 | F5: 4.5 | G5: 48 | H5: 22 | I5: 0 | J5: 4.4 | K5: No | L5: =IF(K5="Yes","High",IF(OR(J5<3,H5>20,E5<2),"Medium","Low")) -> Medium
A6: EMP0005 | B6: Operations | C6: 50 | D6: 15327 | E6: 13 | F6: 4.9 | G6: 24 | H6: 24 | I6: 3 | J6: 4.7 | K6: No | L6: =IF(K6="Yes","High",IF(OR(J6<3,H6>20,E6<2),"Medium","Low")) -> Medium
A7: EMP0006 | B7: Sales | C7: 48 | D7: 19661 | E7: 12 | F7: 3.3 | G7: 34 | H7: 9 | I7: 6 | J7: 4 | K7: No | L7: =IF(K7="Yes","High",IF(OR(J7<3,H7>20,E7<2),"Medium","Low")) -> Low
A8: EMP0007 | B8: IT | C8: 40 | D8: 27098 | E8: 15 | F8: 1.6 | G8: 14 | H8: 31 | I8: 10 | J8: 3.7 | K8: No | L8: =IF(K8="Yes","High",IF(OR(J8<3,H8>20,E8<2),"Medium","Low")) -> Medium
A9: EMP0008 | B9: Sales | C9: 41 | D9: 29620 | E9: 15 | F9: 3.3 | G9: 17 | H9: 26 | I9: 0 | J9: 3.5 | K9: No | L9: =IF(K9="Yes","High",IF(OR(J9<3,H9>20,E9<2),"Medium","Low")) -> Medium
A10: EMP0009 | B10: Finance | C10: 40 | D10: 22992 | E10: 9 | F10: 3 | G10: 48 | H10: 8 | I10: 9 | J10: 1.8 | K10: Yes | L10: =IF(K10="Yes","High",IF(OR(J10<3,H10>20,E10<2),"Medium","Low")) -> High
A11: EMP0010 | B11: Operations | C11: 44 | D11: 18344 | E11: 10 | F11: 5 | G11: 44 | H11: 30 | I11: 7 | J11: 2.3 | K11: No | L11: =IF(K11="Yes","High",IF(OR(J11<3,H11>20,E11<2),"Medium","Low")) -> Medium
A12: EMP0011 | B12: Finance | C12: 33 | D12: 37752 | E12: 7 | F12: 3.6 | G12: 40 | H12: 30 | I12: 3 | J12: 4 | K12: No | L12: =IF(K12="Yes","High",IF(OR(J12<3,H12>20,E12<2),"Medium","Low")) -> Medium
A13: EMP0012 | B13: Operations | C13: 30 | D13: 21043 | E13: 8 | F13: 3 | G13: 8 | H13: 28 | I13: 4 | J13: 3.8 | K13: No | L13: =IF(K13="Yes","High",IF(OR(J13<3,H13>20,E13<2),"Medium","Low")) -> Medium
... A701: EMP0700 | B701: Operations | C701: 27 | D701: 21876 | E701: 14 | F701: 4.2 | G701: 4 | H701: 18 | I701: 1 | J701: 3.8 | K701: No | L701: =IF(K701="Yes","High",IF(OR(J701<3,H701>20,E701<2),"Medium","Low")) -> Low

Sheet Analysis
A1: HR Workforce Analysis
A2: Formula-driven workforce metrics linked directly to HR Data.
A4: Core KPIs
A5: =COUNTA('HR Data'!$A$2:$A$701) -> 700 | C5: =COUNTIF('HR Data'!$K$2:$K$701,"Yes") -> 99 | E5: =IFERROR(C5/A5,0) -> 0.14142857 | G5: =SUM('HR Data'!$I$2:$I$701) -> 4399
A6: Employees | C6: Employees Left | E6: Turnover Rate | G6: Total Absence Days
A9: Department Performance
A10: Department | B10: Employees | C10: Avg Salary | D10: Avg Satisfaction | E10: Absence Days | F10: Turnover Rate
A11: Sales | B11: =COUNTIF('HR Data'!$B$2:$B$701,A11) -> 140 | C11: =AVERAGEIF('HR Data'!$B$2:$B$701,A11,'HR Data'!$D$2:$D$701) -> 22344.529 | D11: =AVERAGEIF('HR Data'!$B$2:$B$701,A11,'HR Data'!$J$2:$J$701) -> 3.4442857 | E11: =SUMIF('HR Data'!$B$2:$B$701,A11,'HR Data'!$I$2:$I$701) -> 842 | F11: =IFERROR(COUNTIFS('HR Data'!$B$2:$B$701,A11,'HR Data'!$K$2:$K$701,"Yes")/B11,0) -> 0.14285714
A12: IT | B12: =COUNTIF('HR Data'!$B$2:$B$701,A12) -> 119 | C12: =AVERAGEIF('HR Data'!$B$2:$B$701,A12,'HR Data'!$D$2:$D$701) -> 30669.311 | D12: =AVERAGEIF('HR Data'!$B$2:$B$701,A12,'HR Data'!$J$2:$J$701) -> 3.4 | E12: =SUMIF('HR Data'!$B$2:$B$701,A12,'HR Data'!$I$2:$I$701) -> 783 | F12: =IFERROR(COUNTIFS('HR Data'!$B$2:$B$701,A12,'HR Data'!$K$2:$K$701,"Yes")/B12,0) -> 0.11764706
A13: Finance | B13: =COUNTIF('HR Data'!$B$2:$B$701,A13) -> 125 | C13: =AVERAGEIF('HR Data'!$B$2:$B$701,A13,'HR Data'!$D$2:$D$701) -> 28010.472 | D13: =AVERAGEIF('HR Data'!$B$2:$B$701,A13,'HR Data'!$J$2:$J$701) -> 3.432 | E13: =SUMIF('HR Data'!$B$2:$B$701,A13,'HR Data'!$I$2:$I$701) -> 786 | F13: =IFERROR(COUNTIFS('HR Data'!$B$2:$B$701,A13,'HR Data'!$K$2:$K$701,"Yes")/B13,0) -> 0.168
A14: Operations | B14: =COUNTIF('HR Data'!$B$2:$B$701,A14) -> 99 | C14: =AVERAGEIF('HR Data'!$B$2:$B$701,A14,'HR Data'!$D$2:$D$701) -> 19684.869 | D14: =AVERAGEIF('HR Data'!$B$2:$B$701,A14,'HR Data'!$J$2:$J$701) -> 3.2959596 | E14: =SUMIF('HR Data'!$B$2:$B$701,A14,'HR Data'!$I$2:$I$701) -> 571 | F14: =IFERROR(COUNTIFS('HR Data'!$B$2:$B$701,A14,'HR Data'!$K$2:$K$701,"Yes")/B14,0) -> 0.11111111
A15: HR | B15: =COUNTIF('HR Data'!$B$2:$B$701,A15) -> 111 | C15: =AVERAGEIF('HR Data'!$B$2:$B$701,A15,'HR Data'!$D$2:$D$701) -> 23392.009 | D15: =AVERAGEIF('HR Data'!$B$2:$B$701,A15,'HR Data'!$J$2:$J$701) -> 3.3144144 | E15: =SUMIF('HR Data'!$B$2:$B$701,A15,'HR Data'!$I$2:$I$701) -> 742 | F15: =IFERROR(COUNTIFS('HR Data'!$B$2:$B$701,A15,'HR Data'!$K$2:$K$701,"Yes")/B15,0) -> 0.12612613
A16: Customer Service | B16: =COUNTIF('HR Data'!$B$2:$B$701,A16) -> 106 | C16: =AVERAGEIF('HR Data'!$B$2:$B$701,A16,'HR Data'!$D$2:$D$701) -> 17948.953 | D16: =AVERAGEIF('HR Data'!$B$2:$B$701,A16,'HR Data'!$J$2:$J$701) -> 3.3490566 | E16: =SUMIF('HR Data'!$B$2:$B$701,A16,'HR Data'!$I$2:$I$701) -> 675 | F16: =IFERROR(COUNTIFS('HR Data'!$B$2:$B$701,A16,'HR Data'!$K$2:$K$701,"Yes")/B16,0) -> 0.17924528
A20: Turnover by Satisfaction
A21: Satisfaction | B21: Employees | C21: Employees Left | D21: Turnover Rate
A22: 1 | B22: =COUNTIF('HR Data'!$J$2:$J$701,A22) -> 6 | C22: =COUNTIFS('HR Data'!$J$2:$J$701,A22,'HR Data'!$K$2:$K$701,"Yes") -> 2 | D22: =IFERROR(C22/B22,0) -> 0.33333333
A23: 2 | B23: =COUNTIF('HR Data'!$J$2:$J$701,A23) -> 12 | C23: =COUNTIFS('HR Data'!$J$2:$J$701,A23,'HR Data'!$K$2:$K$701,"Yes") -> 1 | D23: =IFERROR(C23/B23,0) -> 0.083333333
A24: 3 | B24: =COUNTIF('HR Data'!$J$2:$J$701,A24) -> 28 | C24: =COUNTIFS('HR Data'!$J$2:$J$701,A24,'HR Data'!$K$2:$K$701,"Yes") -> 1 | D24: =IFERROR(C24/B24,0) -> 0.035714286
A25: 4 | B25: =COUNTIF('HR Data'!$J$2:$J$701,A25) -> 28 | C25: =COUNTIFS('HR Data'!$J$2:$J$701,A25,'HR Data'!$K$2:$K$701,"Yes") -> 2 | D25: =IFERROR(C25/B25,0) -> 0.071428571
A26: 5 | B26: =COUNTIF('HR Data'!$J$2:$J$701,A26) -> 29 | C26: =COUNTIFS('HR Data'!$J$2:$J$701,A26,'HR Data'!$K$2:$K$701,"Yes") -> 0 | D26: =IFERROR(C26/B26,0) -> 0

Sheet Dashboard
A1: HR Workforce Dashboard
A2: 700 synthetic employees | turnover, absenteeism and satisfaction
B4: =Analysis!A5 -> 700 | D4: =Analysis!E5 -> 0.14142857 | F4: =Analysis!G5 -> 4399 | H4: =AVERAGE('HR Data'!$J$2:$J$701) -> 3.3785714
B5: Employees | D5: Turnover Rate | F5: Absence Days | H5: Avg Satisfaction
G23: KEY BUSINESS INSIGHTS
G24: • Department turnover and absence metrics provide a management-level view of workforce risk.
G25: • Satisfaction is analysed as a potential leading indicator of employee turnover.
G26: • Formula-driven risk bands allow HR teams to prioritise employees for retention review.
G27: • Managers should investigate departments with both elevated absence and turnover rather than relying on a single KPI.

Sheet PivotTables
A3: Row Labels | B3: Count of Employee ID | C3: Average of Monthly Salary | D3: Sum of Absence Days | F3: Count of Employee ID | G3: Column Labels
A4: Customer Service | B4: 106 | C4: 17948.953 | D4: 675 | F4: Row Labels | G4: Customer Service | H4: Finance | I4: HR | J4: IT | K4: Operations | L4: Sales | M4: Grand Total
A5: Finance | B5: 125 | C5: 28010.472 | D5: 786 | F5: 0 | G5: 4 | H5: 5 | I5: 5 | J5: 9 | K5: 4 | L5: 6 | M5: 33
A6: HR | B6: 111 | C6: 23392.009 | D6: 742 | F6: 1 | G6: 8 | H6: 12 | I6: 6 | J6: 7 | K6: 6 | L6: 9 | M6: 48
A7: IT | B7: 119 | C7: 30669.311 | D7: 783 | F7: 2 | G7: 11 | H7: 4 | I7: 7 | J7: 5 | K7: 7 | L7: 11 | M7: 45
A8: Operations | B8: 99 | C8: 19684.869 | D8: 571 | F8: 3 | G8: 6 | H8: 16 | I8: 7 | J8: 10 | K8: 4 | L8: 10 | M8: 53
A9: Sales | B9: 140 | C9: 22344.529 | D9: 842 | F9: 4 | G9: 7 | H9: 11 | I9: 10 | J9: 6 | K9: 6 | L9: 11 | M9: 51
A10: Grand Total | B10: 700 | C10: 23895.85 | D10: 4399 | F10: 5 | G10: 6 | H10: 7 | I10: 7 | J10: 11 | K10: 5 | L10: 7 | M10: 43
F11: 6 | G11: 9 | H11: 9 | I11: 6 | J11: 4 | K11: 9 | L11: 6 | M11: 43
F12: 7 | G12: 10 | H12: 7 | I12: 6 | J12: 8 | K12: 13 | L12: 7 | M12: 51
F13: 8 | G13: 7 | H13: 2 | I13: 7 | J13: 8 | K13: 3 | L13: 10 | M13: 37
F14: 9 | G14: 1 | H14: 11 | I14: 8 | J14: 6 | K14: 5 | L14: 13 | M14: 44
F15: 10 | G15: 11 | H15: 9 | I15: 6 | J15: 7 | K15: 8 | L15: 7 | M15: 48
F16: 11 | G16: 5 | H16: 4 | I16: 3 | J16: 6 | K16: 7 | L16: 6 | M16: 31
F17: 12 | G17: 11 | H17: 7 | I17: 4 | J17: 12 | K17: 8 | L17: 9 | M17: 51
F18: 13 | G18: 5 | H18: 8 | I18: 12 | J18: 6 | K18: 7 | L18: 10 | M18: 48
F19: 14 | G19: 2 | H19: 6 | I19: 6 | J19: 4 | K19: 4 | L19: 6 | M19: 28
F20: 15 | G20: 3 | H20: 7 | I20: 11 | J20: 10 | K20: 3 | L20: 12 | M20: 46
F21: Grand Total | G21: 106 | H21: 125 | I21: 111 | J21: 119 | K21: 99 | L21: 140 | M21: 700
