Workbook
Name Slicer_Contract_Type: #N/A
Name Slicer_Plan: #N/A
Name Slicer_Satisfaction_Score: #N/A

Sheet Customer Data
A1: Customer ID | B1: Age | C1: Tenure Months | D1: Plan | E1: Monthly Spend | F1: Support Tickets | G1: Login Frequency | H1: Satisfaction Score | I1: Contract Type | J1: Churned | K1: Churn Risk Band
A2: CUST0001 | B2: 28 | C2: 23 | D2: Basic | E2: 415 | F2: 7 | G2: 23 | H2: 3 | I2: Annual | J2: No | K2: =IF(J2="Yes","High",IF(OR(H2<3,F2>=5,C2<12),"Medium","Low")) -> Medium
A3: CUST0002 | B3: 21 | C3: 30 | D3: Standard | E3: 657 | F3: 5 | G3: 22 | H3: 4.8 | I3: Monthly | J3: No | K3: =IF(J3="Yes","High",IF(OR(H3<3,F3>=5,C3<12),"Medium","Low")) -> Medium
A4: CUST0003 | B4: 60 | C4: 5 | D4: Standard | E4: 620 | F4: 0 | G4: 11 | H4: 2.9 | I4: Annual | J4: No | K4: =IF(J4="Yes","High",IF(OR(H4<3,F4>=5,C4<12),"Medium","Low")) -> Medium
A5: CUST0004 | B5: 33 | C5: 51 | D5: Standard | E5: 621 | F5: 0 | G5: 18 | H5: 3.8 | I5: Annual | J5: No | K5: =IF(J5="Yes","High",IF(OR(H5<3,F5>=5,C5<12),"Medium","Low")) -> Low
A6: CUST0005 | B6: 23 | C6: 8 | D6: Standard | E6: 470 | F6: 5 | G6: 7 | H6: 2.7 | I6: Monthly | J6: No | K6: =IF(J6="Yes","High",IF(OR(H6<3,F6>=5,C6<12),"Medium","Low")) -> Medium
A7: CUST0006 | B7: 28 | C7: 22 | D7: Basic | E7: 279 | F7: 3 | G7: 26 | H7: 2.4 | I7: Annual | J7: Yes | K7: =IF(J7="Yes","High",IF(OR(H7<3,F7>=5,C7<12),"Medium","Low")) -> High
A8: CUST0007 | B8: 42 | C8: 58 | D8: Basic | E8: 424 | F8: 0 | G8: 4 | H8: 2.8 | I8: Monthly | J8: No | K8: =IF(J8="Yes","High",IF(OR(H8<3,F8>=5,C8<12),"Medium","Low")) -> Medium
A9: CUST0008 | B9: 50 | C9: 46 | D9: Standard | E9: 599 | F9: 5 | G9: 27 | H9: 4.2 | I9: Annual | J9: No | K9: =IF(J9="Yes","High",IF(OR(H9<3,F9>=5,C9<12),"Medium","Low")) -> Medium
A10: CUST0009 | B10: 24 | C10: 13 | D10: Premium | E10: 791 | F10: 6 | G10: 30 | H10: 4.5 | I10: Monthly | J10: Yes | K10: =IF(J10="Yes","High",IF(OR(H10<3,F10>=5,C10<12),"Medium","Low")) -> High
A11: CUST0010 | B11: 27 | C11: 45 | D11: Basic | E11: 288 | F11: 0 | G11: 11 | H11: 5 | I11: Monthly | J11: No | K11: =IF(J11="Yes","High",IF(OR(H11<3,F11>=5,C11<12),"Medium","Low")) -> Low
A12: CUST0011 | B12: 28 | C12: 31 | D12: Basic | E12: 363 | F12: 3 | G12: 4 | H12: 5 | I12: Annual | J12: No | K12: =IF(J12="Yes","High",IF(OR(H12<3,F12>=5,C12<12),"Medium","Low")) -> Low
A13: CUST0012 | B13: 41 | C13: 27 | D13: Standard | E13: 617 | F13: 8 | G13: 28 | H13: 3.7 | I13: Monthly | J13: No | K13: =IF(J13="Yes","High",IF(OR(H13<3,F13>=5,C13<12),"Medium","Low")) -> Medium
... A801: CUST0800 | B801: 29 | C801: 57 | D801: Standard | E801: 513 | F801: 1 | G801: 8 | H801: 3.6 | I801: Monthly | J801: No | K801: =IF(J801="Yes","High",IF(OR(H801<3,F801>=5,C801<12),"Medium","Low")) -> Low

Sheet Analysis
A1: Customer Churn & Retention Analysis
A2: Formula-driven churn metrics linked directly to Customer Data.
A4: Core KPIs
A5: =COUNTA('Customer Data'!$A$2:$A$801) -> 800 | C5: =COUNTIF('Customer Data'!$J$2:$J$801,"Yes") -> 238 | E5: =IFERROR(C5/A5,0) -> 0.2975 | G5: =AVERAGE('Customer Data'!$E$2:$E$801) -> 592.16125
A6: Customers | C6: Churned | E6: Churn Rate | G6: Avg Monthly Spend
A9: Churn by Contract
A10: Contract | B10: Customers | C10: Churned | D10: Churn Rate
A11: Monthly | B11: =COUNTIF('Customer Data'!$I$2:$I$801,A11) -> 544 | C11: =COUNTIFS('Customer Data'!$I$2:$I$801,A11,'Customer Data'!$J$2:$J$801,"Yes") -> 183 | D11: =IFERROR(C11/B11,0) -> 0.33639706
A12: Annual | B12: =COUNTIF('Customer Data'!$I$2:$I$801,A12) -> 256 | C12: =COUNTIFS('Customer Data'!$I$2:$I$801,A12,'Customer Data'!$J$2:$J$801,"Yes") -> 55 | D12: =IFERROR(C12/B12,0) -> 0.21484375
A16: Churn by Plan
A17: Plan | B17: Customers | C17: Churned | D17: Churn Rate
A18: Basic | B18: =COUNTIF('Customer Data'!$D$2:$D$801,A18) -> 284 | C18: =COUNTIFS('Customer Data'!$D$2:$D$801,A18,'Customer Data'!$J$2:$J$801,"Yes") -> 88 | D18: =IFERROR(C18/B18,0) -> 0.30985915
A19: Standard | B19: =COUNTIF('Customer Data'!$D$2:$D$801,A19) -> 347 | C19: =COUNTIFS('Customer Data'!$D$2:$D$801,A19,'Customer Data'!$J$2:$J$801,"Yes") -> 99 | D19: =IFERROR(C19/B19,0) -> 0.28530259
A20: Premium | B20: =COUNTIF('Customer Data'!$D$2:$D$801,A20) -> 169 | C20: =COUNTIFS('Customer Data'!$D$2:$D$801,A20,'Customer Data'!$J$2:$J$801,"Yes") -> 51 | D20: =IFERROR(C20/B20,0) -> 0.30177515
A23: Churn by Satisfaction
A24: Satisfaction | B24: Customers | C24: Churned | D24: Churn Rate
A25: 1 | B25: =COUNTIF('Customer Data'!$H$2:$H$801,A25) -> 6 | C25: =COUNTIFS('Customer Data'!$H$2:$H$801,A25,'Customer Data'!$J$2:$J$801,"Yes") -> 3 | D25: =IFERROR(C25/B25,0) -> 0.5
A26: 2 | B26: =COUNTIF('Customer Data'!$H$2:$H$801,A26) -> 9 | C26: =COUNTIFS('Customer Data'!$H$2:$H$801,A26,'Customer Data'!$J$2:$J$801,"Yes") -> 6 | D26: =IFERROR(C26/B26,0) -> 0.66666667
A27: 3 | B27: =COUNTIF('Customer Data'!$H$2:$H$801,A27) -> 41 | C27: =COUNTIFS('Customer Data'!$H$2:$H$801,A27,'Customer Data'!$J$2:$J$801,"Yes") -> 6 | D27: =IFERROR(C27/B27,0) -> 0.14634146
A28: 4 | B28: =COUNTIF('Customer Data'!$H$2:$H$801,A28) -> 29 | C28: =COUNTIFS('Customer Data'!$H$2:$H$801,A28,'Customer Data'!$J$2:$J$801,"Yes") -> 3 | D28: =IFERROR(C28/B28,0) -> 0.10344828
A29: 5 | B29: =COUNTIF('Customer Data'!$H$2:$H$801,A29) -> 37 | C29: =COUNTIFS('Customer Data'!$H$2:$H$801,A29,'Customer Data'!$J$2:$J$801,"Yes") -> 12 | D29: =IFERROR(C29/B29,0) -> 0.32432432

Sheet Dashboard
A1: Customer Churn & Retention Dashboard
A2: 800 synthetic customers | churn drivers | retention decision support
B4: =Analysis!A5 -> 800 | D4: =Analysis!C5 -> 238 | F4: =Analysis!E5 -> 0.2975 | H4: =Analysis!G5 -> 592.16125
B5: Customers | D5: Churned | F5: Churn Rate | H5: Avg Monthly Spend
G23: KEY BUSINESS INSIGHTS
G24: • Contract type is a useful retention segmentation variable; monthly customers should receive proactive retention attention.
G25: • Plan-level churn rates identify which commercial tier needs the strongest intervention.
G26: • Satisfaction is monitored as a leading indicator of churn risk.
G27: • High-risk customers can be prioritised using the formula-driven risk band in the customer data.

Sheet Pivot Tables
A3: Row Labels | B3: Count of Customer ID | C3: Count of Churned | E3: Row Labels | F3: Count of Customer ID | G3: Count of Churned | I3: Row Labels | J3: Count of Customer ID | K3: Count of Churned
A4: Basic | B4: 284 | C4: 284 | E4: Annual | F4: 256 | G4: 256 | I4: 1 | J4: 6 | K4: 6
A5: Premium | B5: 169 | C5: 169 | E5: Monthly | F5: 544 | G5: 544 | I5: 1.1 | J5: 1 | K5: 1
A6: Standard | B6: 347 | C6: 347 | E6: Grand Total | F6: 800 | G6: 800 | I6: 1.3 | J6: 3 | K6: 3
A7: Grand Total | B7: 800 | C7: 800 | I7: 1.4 | J7: 1 | K7: 1
I8: 1.5 | J8: 5 | K8: 5
I9: 1.6 | J9: 3 | K9: 3
I10: 1.7 | J10: 7 | K10: 7
I11: 1.8 | J11: 7 | K11: 7
I12: 1.9 | J12: 3 | K12: 3
I13: 2 | J13: 9 | K13: 9
I14: 2.1 | J14: 14 | K14: 14
I15: 2.2 | J15: 13 | K15: 13
I16: 2.3 | J16: 14 | K16: 14
I17: 2.4 | J17: 20 | K17: 20
I18: 2.5 | J18: 14 | K18: 14
I19: 2.6 | J19: 29 | K19: 29
... I43: 5 | J43: 37 | K43: 37
I44: (blank)
I45: Grand Total | J45: 800 | K45: 800
